{"cameraMode":{"drawMode":0,"name":"Shaded","section":"Shading Mode"},"sceneLighting":true,"audioPlay":false,"sceneViewState":{"m_AlwaysRefresh":false,"showFog":true,"showSkybox":true,"showFlares":true,"showImageEffects":true,"showParticleSystems":true,"showVisualEffectGraphs":true,"m_FxEnabled":true},"in2DMode":false,"pivot":{"x":113.34375762939453,"y":9.104798316955567,"z":46.05941390991211},"rotation":{"x":0.15459297597408296,"y":0.14466267824172975,"z":-0.022891012951731683,"w":0.9771384596824646},"size":5.377757549285889,"orthographic":false}