{"cameraMode":{"drawMode":0,"name":"Shaded","section":"Shading Mode"},"sceneLighting":true,"audioPlay":false,"sceneViewState":{"m_AlwaysRefresh":false,"showFog":true,"showSkybox":true,"showFlares":true,"showImageEffects":true,"showParticleSystems":true,"showVisualEffectGraphs":true,"m_FxEnabled":true},"in2DMode":false,"pivot":{"x":118.13692474365235,"y":5.271745204925537,"z":40.990570068359378},"rotation":{"x":0.12793779373168946,"y":-0.04463793337345123,"z":0.005761917680501938,"w":0.9908394813537598},"size":5.377757549285889,"orthographic":false}