{"cameraMode":{"drawMode":0,"name":"Shaded","section":"Shading Mode"},"sceneLighting":true,"audioPlay":false,"sceneViewState":{"m_AlwaysRefresh":false,"showFog":true,"showSkybox":true,"showFlares":true,"showImageEffects":true,"showParticleSystems":true,"showVisualEffectGraphs":true,"m_FxEnabled":true},"in2DMode":false,"pivot":{"x":94.14424133300781,"y":13.889687538146973,"z":22.006183624267579},"rotation":{"x":0.1840049922466278,"y":0.4246826469898224,"z":-0.08899744600057602,"w":0.8821641802787781},"size":3.2376441955566408,"orthographic":false}