{"cameraMode":{"drawMode":0,"name":"Shaded","section":"Shading Mode"},"sceneLighting":true,"audioPlay":false,"sceneViewState":{"m_AlwaysRefresh":false,"showFog":true,"showSkybox":true,"showFlares":true,"showImageEffects":true,"showParticleSystems":true,"showVisualEffectGraphs":true,"m_FxEnabled":true},"in2DMode":false,"pivot":{"x":111.23821258544922,"y":5.721413612365723,"z":41.83345031738281},"rotation":{"x":0.33905482292175295,"y":-0.20098696649074555,"z":0.07383579015731812,"w":0.9162538051605225},"size":8.669983863830567,"orthographic":false}